screen_time_hours,social_media_hours,gaming_hours,unlock_count,night_usage,addiction_score,label
11.07,5.87,2.43,159,0,6.507,High
6.78,0.89,0.11,99,0,3.175,Moderate
10.08,4.27,0.67,147,1,5.706,High
4.53,2.41,0.21,63,0,2.663,Low
2.17,0.46,0.21,36,0,1.079,Low
10.28,5.47,0.09,138,1,6.128,High
10.09,2.69,0.7,147,0,5.137,High
10.18,4.27,1.55,127,0,5.607,High
2.41,1.09,0.18,59,0,1.407,Low
6.91,2.55,1.3,96,0,3.723,Moderate
2.43,0.3,0.23,56,0,1.176,Low
6.15,1.55,0.5,100,0,3.126,Moderate
5.61,1.7,0.27,100,0,2.954,Low
9.28,4.02,1.71,148,1,5.314,High
5.05,0.76,0.52,71,0,2.39,Low
2.83,1.27,0.38,26,0,1.567,Low
4.67,2.62,0.2,78,0,2.809,Low
3.18,1.3,0.06,56,0,1.774,Low
9.12,0.43,0.62,121,0,4.018,Moderate
4.38,2.29,0.34,64,0,2.566,Low
9.46,2.2,0.87,130,0,4.705,Moderate
1.4,0.38,0.16,44,1,0.862,Low
7.46,3.81,0.53,115,0,4.36,Moderate
9.3,1.84,2.24,141,0,4.556,Moderate
7.8,0.74,2.04,121,0,3.584,Moderate
2.39,0.79,0.2,31,0,1.252,Low
2.65,1.54,0.13,18,0,1.556,Low
3.31,0.92,0.13,47,0,1.692,Low
2.29,0.84,0.26,35,0,1.238,Low
5.37,1.8,0.42,68,0,2.826,Low
3.94,1.37,0.51,70,0,2.124,Low
12.74,3.17,0.95,179,0,6.405,High
1.52,0.44,0.13,43,0,0.825,Low
1.76,0.63,0.26,45,0,0.981,Low
4.23,0.66,0.59,64,0,2.017,Low
1.65,0.76,0.2,24,0,0.936,Low
1.44,0.29,0.33,44,0,0.751,Low
6.18,3.62,0.5,87,0,3.73,Moderate
2.84,1.11,0.25,57,0,1.583,Low
4.16,2.12,0.09,54,0,2.409,Low
3.96,1.19,0.4,56,0,2.052,Low
10.21,2.41,0.71,141,0,5.089,High
5.35,1.36,0.18,99,0,2.745,Low
1.8,0.64,0.27,28,0,0.967,Low
10.18,3.19,1.2,149,0,5.326,High
8.94,4.05,2.61,119,0,5.031,High
3.21,1.41,0.69,60,0,1.827,Low
2.11,0.89,0.01,31,0,1.173,Low
2.96,1.36,0.32,78,0,1.746,Low
1.93,0.82,0.43,58,0,1.134,Low
0.5,0.16,0.05,26,0,0.299,Low
1.4,0.3,0.12,28,1,0.804,Low
10.79,2.78,1.0,134,1,5.518,High
4.24,1.59,0.05,65,0,2.303,Low
5.74,1.6,0.81,80,0,2.935,Low
8.6,3.62,0.52,123,0,4.774,Moderate
2.77,0.52,0.03,56,0,1.375,Low
4.66,1.9,0.14,61,0,2.558,Low
2.83,1.02,0.22,24,0,1.485,Low
3.13,0.69,0.4,38,0,1.533,Low
5.12,1.04,0.11,82,0,2.524,Low
6.36,3.46,0.58,74,0,3.732,Moderate
7.53,2.81,1.09,113,0,4.08,Moderate
7.61,1.41,0.18,75,0,3.619,Moderate
4.98,2.63,0.64,91,1,3.064,Moderate
7.19,3.86,0.65,95,0,4.221,Moderate
3.17,1.31,0.23,58,0,1.777,Low
1.6,0.36,0.08,36,0,0.821,Low
1.55,0.44,0.08,45,0,0.843,Low
5.12,0.28,1.0,92,0,2.317,Low
2.76,0.57,0.31,74,0,1.422,Low
3.85,1.01,0.86,56,0,1.955,Low
8.6,3.09,1.02,144,0,4.658,Moderate
2.96,1.35,0.1,55,0,1.698,Low
2.99,0.72,0.49,48,0,1.508,Low
3.74,0.46,0.52,85,0,1.804,Low
3.52,0.44,0.73,58,1,1.758,Low
5.69,2.28,0.56,92,0,3.141,Moderate
3.83,1.95,0.77,62,0,2.243,Low
8.03,2.12,0.39,122,0,4.091,Moderate
5.98,2.36,0.25,100,0,3.3,Moderate
8.12,4.14,1.09,139,1,4.869,Moderate
11.13,3.03,0.63,135,0,5.634,High
1.05,0.33,0.21,29,0,0.579,Low
2.36,1.0,0.06,26,0,1.296,Low
1.25,0.55,0.03,52,1,0.87,Low
4.36,1.32,0.28,64,1,2.367,Low
4.52,1.79,0.28,80,0,2.504,Low
1.86,0.42,0.16,28,0,0.926,Low
4.01,1.39,0.75,56,0,2.132,Low
1.92,0.67,0.42,42,1,1.152,Low
5.11,1.08,0.83,73,0,2.514,Low
6.2,1.37,1.77,101,0,3.092,Moderate
2.47,0.68,0.4,56,0,1.305,Low
3.89,1.89,0.26,52,0,2.228,Low
2.7,1.25,0.17,51,0,1.558,Low
3.3,1.53,0.13,71,0,1.92,Low
2.58,1.19,0.2,35,0,1.458,Low
3.14,0.81,0.24,30,0,1.557,Low
9.47,5.14,0.36,104,0,5.54,High
8.75,0.52,0.98,145,0,3.945,Moderate
4.07,1.81,0.46,64,1,2.398,Low
1.83,0.59,0.13,29,0,0.967,Low
7.35,1.27,0.38,96,0,3.514,Moderate
6.4,1.78,0.9,68,0,3.229,Moderate
5.02,1.76,0.06,59,0,2.652,Low
4.45,0.7,1.14,85,0,2.159,Low
3.66,1.06,0.44,63,0,1.909,Low
2.2,0.45,0.08,22,0,1.06,Low
6.1,2.56,0.19,75,1,3.458,Moderate
3.91,1.65,0.2,44,0,2.146,Low
2.52,0.29,0.23,57,0,1.208,Low
2.02,0.73,0.17,31,0,1.088,Low
5.25,1.99,0.39,71,0,2.841,Low
2.79,0.21,0.06,49,0,1.277,Low
9.12,3.61,1.19,107,0,4.946,Moderate
8.05,3.94,1.49,107,0,4.616,Moderate
3.94,2.02,0.5,63,0,2.308,Low
5.26,2.0,0.98,59,0,2.824,Low
4.96,0.85,0.18,70,0,2.377,Low
4.88,1.79,0.04,80,0,2.648,Low
4.86,1.8,0.85,98,0,2.681,Low
1.44,0.58,0.3,33,0,0.816,Low
6.02,3.22,0.31,83,0,3.54,Moderate
4.1,1.34,0.7,57,0,2.158,Low
5.0,2.02,0.34,67,0,2.738,Low
2.64,0.82,0.03,31,0,1.364,Low
2.15,0.71,0.08,64,0,1.2,Low
2.18,0.85,0.12,48,0,1.224,Low
4.09,1.0,0.33,80,0,2.094,Low
2.71,1.26,0.22,46,0,1.552,Low
7.82,2.87,0.13,123,0,4.233,Moderate
4.85,1.7,0.85,83,0,2.617,Low
1.97,0.36,0.13,49,0,0.994,Low
4.34,0.66,0.21,94,0,2.124,Low
1.73,0.77,0.08,61,0,1.045,Low
8.92,4.79,0.14,116,0,5.239,High
5.3,2.01,0.91,93,0,2.908,Low
7.89,4.62,0.18,118,0,4.776,Moderate
3.1,1.44,0.23,68,0,1.81,Low
6.46,1.04,1.01,94,0,3.083,Moderate
6.1,2.07,0.11,106,1,3.374,Moderate
8.73,2.18,0.68,106,0,4.36,Moderate
5.43,2.02,0.51,96,1,3.07,Moderate
6.09,2.02,0.45,83,0,3.207,Moderate
2.22,1.02,0.24,53,0,1.301,Low
1.56,0.68,0.06,20,0,0.868,Low
7.05,1.54,0.47,115,0,3.512,Moderate
5.26,1.75,0.65,91,0,2.812,Low
2.82,1.06,0.32,47,0,1.542,Low
7.83,2.65,0.54,134,1,4.295,Moderate
7.71,3.47,0.76,103,0,4.332,Moderate
2.34,0.41,0.07,54,1,1.265,Low
6.72,1.33,0.62,86,0,3.259,Moderate
1.31,0.28,0.1,38,0,0.684,Low
2.95,1.35,0.81,74,0,1.732,Low
1.89,0.89,0.04,36,0,1.097,Low
7.14,1.58,1.07,90,1,3.61,Moderate
4.74,1.47,0.6,96,0,2.531,Low
10.37,1.43,0.08,131,0,4.839,Moderate
2.68,0.4,0.23,16,0,1.224,Low
11.08,2.74,1.92,153,0,5.56,High
2.73,1.25,0.27,33,1,1.636,Low
1.23,0.48,0.23,9,0,0.654,Low
6.3,1.3,0.8,77,0,3.064,Moderate
3.09,0.72,0.23,60,0,1.575,Low
7.9,1.26,0.48,115,0,3.767,Moderate
10.05,2.61,0.43,134,0,5.073,High
3.2,0.89,0.17,58,0,1.664,Low
8.44,3.04,0.29,92,0,4.47,Moderate
2.83,0.81,0.06,58,0,1.49,Low
6.25,0.43,0.56,89,0,2.81,Low
2.87,0.45,0.11,63,0,1.411,Low
11.32,5.52,2.3,152,0,6.485,High
4.67,1.55,0.38,49,0,2.43,Low
2.33,0.73,0.07,51,0,1.252,Low
5.58,2.05,0.99,89,0,3.023,Moderate
7.86,1.91,0.66,106,0,3.931,Moderate
6.44,2.93,0.71,74,0,3.601,Moderate
5.94,2.05,0.18,89,1,3.272,Moderate
13.2,3.25,0.33,183,1,6.722,High
8.45,4.74,0.9,111,0,5.023,High
4.63,1.48,0.39,63,0,2.42,Low
1.91,0.89,0.04,27,0,1.087,Low
7.91,3.56,1.0,128,0,4.487,Moderate
5.6,1.05,0.54,80,1,2.815,Low
2.3,0.57,0.46,26,1,1.242,Low
2.95,1.58,0.43,33,1,1.82,Low
4.48,1.21,0.55,67,0,2.289,Low
2.78,0.94,0.16,32,0,1.459,Low
8.66,2.13,0.97,148,1,4.5,Moderate
2.87,1.14,0.65,60,0,1.612,Low
2.2,0.54,0.03,36,0,1.113,Low
7.09,3.29,1.76,107,0,4.038,Moderate
2.17,0.8,0.16,22,0,1.153,Low
2.3,0.9,0.11,49,0,1.288,Low
5.43,2.41,0.96,58,1,3.111,Moderate
10.14,3.45,2.01,162,0,5.414,High
1.11,0.31,0.25,14,0,0.567,Low
3.19,0.42,0.7,64,0,1.531,Low
8.9,4.07,0.11,126,0,5.035,High
10.75,4.94,1.27,144,0,6.073,High
5.24,2.94,0.52,79,0,3.138,Moderate
3.56,1.4,0.58,61,0,1.966,Low
3.5,0.66,0.29,61,0,1.719,Low
3.27,1.66,0.4,46,0,1.898,Low
1.29,0.36,0.05,12,0,0.647,Low
5.77,1.39,0.91,90,0,2.904,Low
2.82,1.11,0.5,43,0,1.549,Low
5.22,1.06,0.22,73,0,2.553,Low
4.91,1.96,0.42,72,0,2.696,Low
5.46,1.51,1.33,69,0,2.773,Low
2.94,1.43,0.2,72,0,1.75,Low
9.69,4.0,1.55,134,0,5.345,High
6.52,0.88,0.35,69,0,3.01,Moderate
6.65,2.95,0.5,90,0,3.724,Moderate
3.48,0.94,0.17,64,0,1.803,Low
0.5,0.29,0.06,5,0,0.298,Low
7.58,2.1,0.51,118,0,3.9,Moderate
2.37,0.97,0.31,45,0,1.328,Low
1.1,0.31,0.07,28,0,0.589,Low
6.19,2.1,0.46,77,0,3.26,Moderate
5.1,1.47,0.54,58,0,2.596,Low
9.06,4.68,0.3,110,0,5.249,High
2.77,0.79,0.41,56,0,1.457,Low
8.26,1.67,0.17,102,1,4.108,Moderate
1.96,0.85,0.06,48,1,1.235,Low
7.59,1.95,1.09,96,1,3.914,Moderate
5.56,2.76,0.66,97,0,3.247,Moderate
2.87,1.18,0.54,44,1,1.689,Low
1.0,0.41,0.2,31,0,0.585,Low
4.01,1.63,0.57,85,1,2.364,Low
6.51,3.27,0.53,99,0,3.782,Moderate
5.34,1.96,0.73,81,1,2.986,Low
10.26,2.92,0.61,129,0,5.236,High
8.93,4.4,1.61,121,0,5.133,High
4.35,1.76,0.86,55,1,2.478,Low
7.88,2.93,0.44,94,0,4.217,Moderate
2.34,0.34,0.2,50,0,1.136,Low
2.11,0.86,0.42,49,0,1.199,Low
10.47,3.25,0.72,149,0,5.463,High
5.06,0.34,0.58,85,0,2.297,Low
2.7,0.1,0.36,56,0,1.224,Low
4.76,1.15,0.35,48,0,2.346,Low
5.99,0.45,0.73,92,0,2.717,Low
9.61,3.18,1.6,125,0,5.046,High
3.0,0.51,0.03,56,0,1.463,Low
5.99,1.54,0.36,95,0,3.047,Moderate
1.25,0.4,0.04,32,0,0.682,Low
4.53,0.74,0.21,88,0,2.209,Low
2.77,0.82,0.02,54,0,1.462,Low
7.9,2.21,0.33,124,0,4.073,Moderate
4.99,2.21,0.38,56,0,2.772,Low
3.3,1.68,0.33,52,0,1.926,Low
3.28,1.55,0.41,59,1,1.993,Low
6.99,1.31,0.29,104,0,3.398,Moderate
10.44,4.8,1.85,136,0,5.888,High
2.33,1.11,0.48,73,0,1.411,Low
2.81,0.22,0.64,40,0,1.27,Low
5.25,1.5,1.07,41,0,2.634,Low
2.65,1.13,0.21,68,0,1.534,Low
8.62,2.35,0.61,119,0,4.388,Moderate
3.16,1.37,0.07,37,0,1.75,Low
3.24,1.21,0.44,40,0,1.738,Low
9.35,3.86,0.85,104,0,5.108,High
3.1,1.72,0.67,85,0,1.925,Low
2.28,1.05,0.1,52,0,1.331,Low
1.76,0.31,0.17,32,0,0.859,Low
1.81,0.39,0.13,29,0,0.898,Low
1.19,0.46,0.09,50,0,0.716,Low
2.69,0.52,0.6,49,0,1.33,Low
2.43,0.88,0.06,28,0,1.293,Low
2.15,0.77,0.14,35,0,1.16,Low
4.74,0.76,0.35,75,0,2.274,Low
5.8,1.85,0.61,97,0,3.069,Moderate
3.4,0.85,0.12,40,0,1.694,Low
1.97,0.56,0.26,31,0,1.018,Low
4.89,1.73,0.33,67,0,2.612,Low
9.44,4.66,1.51,119,0,5.412,High
11.78,1.87,0.23,154,1,5.68,High
2.38,1.04,0.01,41,0,1.349,Low
2.73,1.0,0.18,45,0,1.482,Low
4.36,1.44,0.44,89,0,2.356,Low
3.71,1.0,0.09,73,0,1.93,Low
5.35,1.95,0.78,71,0,2.867,Low
7.87,1.28,1.16,105,1,3.842,Moderate
2.24,0.58,0.07,51,0,1.171,Low
2.91,1.21,0.21,41,0,1.608,Low
6.54,2.44,0.18,97,1,3.644,Moderate
2.18,0.87,0.27,50,0,1.235,Low
9.14,5.46,0.14,136,0,5.566,High
2.41,0.61,0.08,16,0,1.179,Low
7.28,2.96,1.07,103,0,4.003,Moderate
2.57,0.65,0.39,64,0,1.352,Low
8.39,4.66,0.33,143,0,5.04,High
9.59,2.63,0.79,142,0,4.91,Moderate
7.18,2.2,0.41,98,0,3.727,Moderate
10.07,1.26,0.24,138,0,4.682,Moderate
7.22,2.92,1.44,106,0,3.978,Moderate
3.29,0.49,0.0,61,0,1.583,Low
6.43,3.52,1.13,111,0,3.848,Moderate
2.53,0.74,0.36,38,0,1.311,Low
4.52,0.84,0.1,61,0,2.182,Low
4.67,1.61,0.32,92,0,2.537,Low
9.47,2.45,0.27,134,0,4.792,Moderate
4.21,0.24,0.49,54,0,1.864,Low
2.59,0.82,0.66,23,0,1.328,Low
6.72,1.27,0.25,92,0,3.255,Moderate
2.49,0.8,0.42,40,0,1.317,Low
0.69,0.35,0.05,33,0,0.449,Low
4.71,2.39,0.17,80,0,2.761,Low
5.44,2.67,0.3,82,0,3.142,Moderate
4.18,1.34,0.54,54,1,2.282,Low
1.33,0.44,0.28,26,1,0.818,Low
2.19,0.34,0.03,36,0,1.05,Low
3.86,1.45,0.59,64,0,2.108,Low
2.86,1.38,0.06,56,0,1.67,Low
4.73,1.84,0.41,74,0,2.593,Low
2.59,1.53,0.15,31,0,1.557,Low
10.85,3.43,1.6,161,0,5.691,High
7.87,3.8,0.14,125,0,4.536,Moderate
5.17,1.3,0.79,70,0,2.598,Low
3.2,0.92,0.76,76,0,1.71,Low
4.71,1.17,1.05,67,0,2.37,Low
8.61,1.63,1.27,105,0,4.142,Moderate
2.71,1.39,0.47,34,0,1.568,Low
7.18,0.97,1.19,99,0,3.359,Moderate
3.76,0.61,0.36,56,0,1.801,Low
4.92,2.73,0.68,92,0,2.972,Low
1.64,0.8,0.06,21,0,0.938,Low
6.68,1.59,0.58,114,0,3.378,Moderate
1.62,0.62,0.02,29,0,0.892,Low
5.59,1.54,0.74,85,0,2.87,Low
11.69,5.31,0.3,167,0,6.6,High
3.07,0.7,0.17,82,0,1.603,Low
3.97,0.71,0.81,75,0,1.95,Low
2.05,0.57,0.03,34,0,1.058,Low
3.67,1.89,0.42,79,0,2.191,Low
3.56,0.43,0.26,58,0,1.67,Low
8.65,3.86,0.68,114,0,4.847,Moderate
2.33,0.65,0.11,8,1,1.244,Low
12.67,2.82,2.25,179,1,6.373,High
6.61,3.36,0.63,87,0,3.826,Moderate
1.57,0.26,0.23,29,0,0.763,Low
7.44,3.03,0.11,79,0,4.042,Moderate
6.76,3.6,0.01,125,1,4.132,Moderate
11.03,4.4,1.61,146,0,6.023,High
2.94,1.75,0.27,85,0,1.872,Low
4.91,0.87,0.08,70,0,2.364,Low
0.9,0.17,0.11,54,0,0.52,Low
4.83,1.93,0.81,58,0,2.628,Low
2.67,1.27,0.16,39,0,1.527,Low
5.14,2.76,0.8,56,0,2.994,Low
5.19,2.88,0.87,64,1,3.17,Moderate
6.25,2.5,0.32,82,0,3.411,Moderate
3.7,1.8,0.64,53,1,2.226,Low
9.48,1.21,0.76,127,0,4.41,Moderate
8.53,1.65,1.32,101,0,4.109,Moderate
2.92,0.37,0.64,55,1,1.487,Low
5.22,1.81,0.16,76,1,2.882,Low
9.02,3.23,0.46,125,1,4.927,Moderate
3.36,0.56,0.78,54,0,1.621,Low
3.46,1.39,0.26,37,0,1.875,Low
2.36,0.65,0.25,42,0,1.224,Low
7.21,2.34,0.64,115,0,3.816,Moderate
3.48,1.39,0.12,69,1,2.049,Low
7.42,2.5,1.16,95,1,4.007,Moderate
3.44,1.12,0.39,57,1,1.926,Low
3.29,0.39,0.29,61,0,1.554,Low
10.65,1.54,0.23,148,0,5.017,High
9.59,0.98,0.32,149,0,4.431,Moderate
1.73,0.35,0.11,43,0,0.883,Low
3.1,1.5,0.6,54,0,1.797,Low
1.15,0.29,0.24,10,0,0.567,Low
1.76,0.5,0.12,27,0,0.905,Low
3.71,1.41,0.05,52,1,2.111,Low
9.17,2.83,0.91,128,0,4.774,Moderate
5.78,1.37,0.43,73,0,2.869,Low
2.69,0.98,0.38,47,0,1.463,Low
2.87,1.03,0.47,66,0,1.588,Low
6.22,2.69,0.22,95,0,3.487,Moderate
8.92,2.24,0.15,112,0,4.465,Moderate
10.96,3.74,1.57,125,0,5.756,High
4.44,1.22,0.52,66,0,2.272,Low
2.94,0.6,0.27,30,0,1.417,Low
8.94,3.13,0.09,137,0,4.79,Moderate
5.47,2.05,0.32,76,1,3.055,Moderate
12.58,6.05,0.49,181,1,7.308,High
2.03,0.8,0.09,19,0,1.091,Low
8.39,2.57,0.31,144,1,4.514,Moderate
6.29,1.35,0.67,108,0,3.14,Moderate
2.0,0.95,0.02,48,0,1.181,Low
5.77,0.62,0.65,73,0,2.639,Low
5.4,2.51,0.18,99,1,3.21,Moderate
3.15,1.55,0.18,51,1,1.927,Low
6.05,1.79,1.08,85,0,3.127,Moderate
10.96,2.05,0.56,151,0,5.304,High
2.61,1.02,0.15,8,0,1.366,Low
4.36,1.74,0.24,81,0,2.428,Low
6.07,2.23,1.21,65,0,3.227,Moderate
1.75,0.17,0.06,20,0,0.792,Low
7.79,3.79,0.75,101,0,4.457,Moderate
7.51,2.03,0.29,90,0,3.793,Moderate
2.63,1.12,0.08,56,0,1.5,Low
8.07,0.58,0.1,120,0,3.644,Moderate
7.45,0.87,0.36,108,0,3.455,Moderate
2.52,0.4,0.04,51,0,1.229,Low
9.33,4.23,0.4,128,0,5.257,High
2.77,1.38,0.03,53,0,1.63,Low
11.55,1.21,1.1,145,0,5.274,High
4.49,1.68,0.58,60,0,2.418,Low
8.16,4.2,0.66,110,1,4.843,Moderate
2.52,0.17,0.17,41,0,1.143,Low
8.62,4.2,2.03,89,0,4.885,Moderate
0.73,0.03,0.03,46,0,0.392,Low
2.78,0.83,0.31,69,0,1.499,Low
3.45,0.82,0.42,40,0,1.708,Low
8.62,2.34,1.27,130,0,4.408,Moderate
2.94,1.0,0.4,64,1,1.705,Low
6.95,3.04,0.33,108,0,3.906,Moderate
5.46,2.77,0.23,81,0,3.177,Moderate
1.2,0.53,0.04,22,0,0.684,Low
0.62,0.19,0.05,14,0,0.336,Low
3.25,0.55,0.31,51,0,1.57,Low
4.31,1.23,0.1,70,0,2.232,Low
7.64,1.37,0.25,91,0,3.649,Moderate
1.39,0.53,0.06,39,0,0.793,Low
7.45,0.91,0.19,88,1,3.527,Moderate
2.36,0.67,0.7,40,0,1.226,Low
7.96,1.76,1.09,103,0,3.921,Moderate
9.9,4.05,1.21,119,0,5.413,High
7.98,4.22,0.8,113,1,4.785,Moderate
5.67,1.94,0.03,83,0,3.018,Moderate
8.63,2.18,0.1,144,0,4.393,Moderate
3.76,1.95,0.57,51,0,2.191,Low
1.65,0.55,0.17,44,0,0.912,Low
2.46,0.51,0.41,60,0,1.256,Low
6.16,1.23,0.9,90,0,3.014,Moderate
6.05,1.6,0.48,89,0,3.077,Moderate
3.82,1.55,0.45,53,0,2.101,Low
11.14,3.28,0.39,132,0,5.705,High
3.59,0.67,0.44,58,1,1.853,Low
7.07,1.99,0.99,101,0,3.628,Moderate
2.66,1.31,0.3,43,0,1.541,Low
2.33,1.02,0.17,61,0,1.359,Low
3.35,1.08,0.14,46,0,1.754,Low
9.54,3.57,2.55,137,0,5.161,High
4.56,2.0,0.4,67,0,2.558,Low
2.47,0.68,0.24,38,0,1.267,Low
4.36,1.45,0.23,48,0,2.275,Low
1.96,0.72,0.22,44,0,1.086,Low
8.83,4.41,0.33,127,1,5.209,High
3.25,1.79,0.17,73,0,1.981,Low
1.08,0.09,0.15,30,0,0.52,Low
2.76,0.63,0.55,55,0,1.402,Low
1.89,0.4,0.45,28,0,0.933,Low
9.29,4.34,0.85,126,1,5.372,High
5.36,2.26,0.03,61,0,2.943,Low
6.97,2.42,0.49,108,0,3.729,Moderate
3.76,1.55,0.53,69,0,2.109,Low
5.01,3.09,0.66,81,1,3.193,Moderate
3.41,0.59,0.21,57,0,1.654,Low
8.03,1.83,0.71,119,1,4.102,Moderate
3.77,0.69,0.6,64,0,1.845,Low
3.0,0.58,0.05,58,0,1.492,Low
7.99,1.83,0.02,103,0,3.952,Moderate
3.9,1.03,0.1,72,0,2.014,Low
8.31,1.8,0.32,126,0,4.114,Moderate
2.62,1.16,0.06,66,0,1.527,Low
3.81,1.33,0.03,56,0,2.034,Low
5.59,0.81,0.24,96,0,2.672,Low
4.87,0.91,0.32,46,0,2.314,Low
1.09,0.2,0.11,30,0,0.555,Low
3.28,2.09,0.21,39,0,2.017,Low
2.51,0.72,0.23,39,0,1.296,Low
2.34,0.78,0.04,46,1,1.359,Low
4.8,0.35,0.62,56,0,2.138,Low
6.32,1.6,0.87,92,0,3.191,Moderate
5.7,3.03,1.0,79,0,3.344,Moderate
5.88,1.27,0.4,90,1,3.012,Moderate
4.2,2.02,0.93,67,0,2.422,Low
2.54,0.58,0.32,42,0,1.274,Low
4.32,1.42,0.49,52,0,2.258,Low
3.44,1.38,0.38,78,0,1.945,Low
2.36,0.6,0.22,47,0,1.218,Low
6.17,1.79,1.14,81,1,3.268,Moderate
4.81,2.22,0.32,83,0,2.756,Low
3.52,1.83,0.13,43,0,2.042,Low
6.64,3.4,0.13,93,0,3.863,Moderate
5.29,1.4,0.74,81,0,2.699,Low
4.01,1.61,0.61,79,0,2.246,Low
6.89,1.57,1.29,112,0,3.452,Moderate
4.93,2.59,0.15,89,0,2.927,Low
1.09,0.26,0.09,33,0,0.582,Low
9.88,4.08,1.94,135,0,5.447,High
3.93,1.0,0.45,37,0,1.946,Low
3.24,0.77,0.37,70,0,1.665,Low
5.76,0.79,1.25,84,0,2.709,Low
2.42,1.07,0.15,21,1,1.43,Low
8.67,1.2,0.53,122,1,4.172,Moderate
3.7,1.59,0.6,62,0,2.081,Low
9.62,4.5,1.82,126,0,5.451,High
7.76,3.03,0.44,91,0,4.197,Moderate
6.84,3.7,0.56,118,0,4.08,Moderate
5.08,2.58,0.48,73,0,2.95,Low
5.68,0.59,0.13,72,0,2.591,Low
2.43,0.86,0.25,28,1,1.386,Low
8.76,4.24,0.71,125,1,5.127,High
3.71,1.05,0.4,59,0,1.918,Low
2.86,0.82,0.14,55,0,1.5,Low
2.32,0.85,0.08,39,0,1.26,Low
7.76,2.36,0.08,111,0,4.035,Moderate
3.29,0.82,0.23,51,0,1.664,Low
2.79,0.37,0.02,69,0,1.365,Low
1.92,1.09,0.61,49,1,1.294,Low
2.28,0.7,0.4,56,0,1.231,Low
1.3,0.49,0.07,12,0,0.69,Low
6.07,1.41,0.27,68,0,2.987,Low
2.07,0.85,0.21,40,1,1.264,Low
8.44,2.72,0.27,95,0,4.382,Moderate
10.54,0.09,2.35,161,0,4.566,Moderate
3.01,0.88,0.23,63,0,1.595,Low
2.07,0.83,0.3,34,0,1.145,Low
5.17,2.61,0.4,81,0,3.012,Moderate
2.39,1.17,0.34,68,0,1.44,Low
3.2,0.63,0.35,59,0,1.586,Low
12.41,3.96,1.03,180,1,6.613,High
9.09,2.13,0.61,102,0,4.481,Moderate
7.85,2.01,0.33,92,0,3.928,Moderate
2.07,0.71,0.08,53,0,1.149,Low
4.21,1.95,0.88,72,0,2.41,Low
3.55,1.63,0.2,65,0,2.037,Low
2.13,1.07,0.04,63,0,1.297,Low
5.09,2.09,0.13,73,1,2.909,Low
1.11,0.31,0.13,32,0,0.601,Low
2.66,0.94,0.09,37,0,1.42,Low
4.33,1.15,0.81,58,0,2.193,Low
2.11,1.18,0.07,25,0,1.245,Low
2.61,0.88,0.37,41,1,1.491,Low
11.78,5.55,1.4,137,0,6.648,High
8.47,4.1,1.57,90,1,4.9,Moderate
5.05,2.1,0.14,48,0,2.747,Low
5.37,1.11,0.21,74,0,2.628,Low
10.91,2.84,0.17,142,0,5.502,High
3.32,0.96,0.23,51,0,1.719,Low
5.65,0.98,0.08,59,1,2.774,Low
2.04,0.61,0.11,27,0,1.05,Low
0.68,0.3,0.06,29,1,0.519,Low
8.04,2.99,0.37,96,0,4.305,Moderate
2.32,0.16,0.03,46,0,1.067,Low
5.43,1.77,0.34,67,1,2.937,Low
2.6,1.29,0.24,40,0,1.507,Low
2.03,0.29,0.08,33,0,0.965,Low
10.46,3.7,0.73,147,0,5.587,High
2.99,1.22,0.1,56,0,1.672,Low
1.43,0.38,0.22,53,0,0.791,Low
3.34,0.98,0.33,41,0,1.712,Low
5.27,2.26,1.26,74,0,2.932,Low
3.47,1.76,0.55,47,0,2.01,Low
4.23,1.4,0.18,78,0,2.266,Low
3.4,0.54,0.11,64,1,1.752,Low
2.58,0.48,0.66,26,0,1.227,Low
10.52,2.17,0.86,136,0,5.129,High
5.33,1.16,0.57,100,0,2.68,Low
3.38,1.52,0.58,59,0,1.926,Low
4.63,2.04,0.92,59,1,2.68,Low
10.53,2.36,0.69,142,0,5.202,High
2.48,1.07,0.13,39,0,1.388,Low
2.33,0.91,0.32,22,0,1.25,Low
6.27,1.6,0.07,95,1,3.277,Moderate
2.09,0.56,0.18,39,0,1.08,Low
8.09,2.11,0.68,123,0,4.115,Moderate
2.88,1.75,0.42,24,1,1.825,Low
9.3,2.37,0.67,134,1,4.801,Moderate
7.49,2.03,0.79,95,0,3.795,Moderate
4.1,1.34,0.39,37,0,2.117,Low
8.78,3.63,0.36,114,0,4.829,Moderate
6.52,0.53,0.33,100,0,2.967,Low
9.43,2.44,1.03,110,0,4.723,Moderate
1.45,0.61,0.32,28,0,0.819,Low
4.84,1.23,0.35,53,0,2.413,Low
5.27,0.89,0.25,75,0,2.526,Low
2.04,0.91,0.24,33,0,1.153,Low
2.75,1.41,0.11,37,0,1.598,Low
8.83,3.86,0.95,145,0,4.98,Moderate
6.4,1.94,0.58,101,0,3.346,Moderate
1.88,0.76,0.29,34,0,1.047,Low
2.0,0.9,0.09,57,0,1.187,Low
1.97,0.28,0.14,46,0,0.967,Low
2.05,0.63,0.39,18,0,1.044,Low
7.97,2.32,1.66,105,0,4.094,Moderate
3.78,1.47,0.13,84,0,2.121,Low
3.87,2.14,0.44,59,0,2.308,Low
5.14,1.46,1.34,91,0,2.675,Low
1.68,0.77,0.34,38,0,0.977,Low
2.56,0.86,0.32,34,0,1.35,Low
3.48,1.3,0.29,69,0,1.918,Low
4.97,1.9,0.46,73,0,2.704,Low
9.8,1.54,0.06,126,0,4.633,Moderate
4.12,1.16,0.12,60,0,2.115,Low
5.03,0.94,0.78,74,0,2.443,Low
9.46,3.53,0.52,142,0,5.124,High
7.29,3.36,0.47,121,1,4.268,Moderate
4.18,1.24,0.17,70,0,2.186,Low
8.86,2.57,0.2,119,0,4.552,Moderate
9.76,4.46,0.24,136,0,5.512,High
10.59,3.29,0.99,138,0,5.499,High
2.56,1.18,0.29,35,0,1.446,Low
4.96,1.66,0.14,74,0,2.63,Low
4.3,1.84,0.5,52,0,2.377,Low
5.14,2.04,1.32,68,1,2.906,Low
5.38,1.25,0.56,64,0,2.655,Low
9.61,1.73,1.24,147,0,4.659,Moderate
9.5,3.29,0.77,138,0,5.064,High
1.6,0.47,0.17,24,0,0.83,Low
7.76,2.24,0.84,116,1,4.109,Moderate
4.89,2.41,0.24,88,0,2.857,Low
2.58,1.11,0.25,60,0,1.484,Low
0.55,0.22,0.05,27,0,0.342,Low
1.71,0.08,0.05,46,0,0.801,Low
8.96,3.81,1.61,131,1,5.088,High
4.46,1.26,0.01,51,1,2.364,Low
9.6,3.61,0.51,138,0,5.199,High
6.9,0.81,0.61,91,0,3.185,Moderate
7.91,1.85,0.66,116,0,3.951,Moderate
6.66,2.26,0.09,114,0,3.57,Moderate
10.5,3.63,0.35,132,1,5.655,High
2.49,0.71,0.3,29,0,1.268,Low
4.93,2.35,0.38,76,1,2.929,Low
7.5,2.05,0.88,98,0,3.809,Moderate
10.92,4.0,2.81,153,0,5.873,High
7.74,1.46,0.63,78,0,3.688,Moderate
2.24,0.85,0.13,31,0,1.213,Low
2.38,0.96,0.19,29,0,1.298,Low
2.05,0.74,0.17,44,0,1.131,Low
2.15,0.8,0.23,50,0,1.198,Low
6.5,2.94,0.52,68,0,3.616,Moderate
5.83,1.99,1.34,88,0,3.104,Moderate
9.81,4.25,0.67,165,0,5.529,High
12.18,3.36,3.28,186,0,6.253,High
4.68,0.81,0.4,82,0,2.279,Low
8.61,3.13,0.29,133,0,4.65,Moderate
2.88,1.55,0.09,24,0,1.667,Low
2.5,0.37,0.28,29,1,1.269,Low
4.68,2.56,0.21,73,0,2.784,Low
8.48,1.9,1.33,119,0,4.202,Moderate
0.94,0.29,0.03,49,0,0.56,Low
4.58,1.09,0.08,77,0,2.312,Low
4.49,1.96,0.09,61,0,2.508,Low
2.49,1.08,0.43,59,0,1.439,Low
6.18,1.9,0.12,97,0,3.237,Moderate
11.07,5.33,1.59,153,1,6.433,High
4.24,2.08,0.51,53,0,2.426,Low
3.25,1.27,0.57,63,0,1.806,Low
11.58,3.39,1.98,157,0,5.963,High
2.29,0.82,0.11,49,0,1.26,Low
11.43,3.12,1.26,164,0,5.838,High
3.12,0.74,0.39,75,0,1.618,Low
5.48,1.04,0.98,84,0,2.672,Low
3.02,0.74,0.02,27,0,1.482,Low
1.8,0.42,0.05,36,0,0.916,Low
9.63,3.71,0.44,135,0,5.233,High
3.19,1.27,0.24,58,0,1.771,Low
3.75,1.07,0.78,56,0,1.933,Low
1.8,0.32,0.22,52,0,0.921,Low
5.33,1.59,0.35,88,0,2.784,Low
10.74,6.46,1.17,141,1,6.619,High
10.06,2.27,1.22,143,1,5.089,High
1.61,0.67,0.15,18,0,0.878,Low
5.43,1.69,0.79,70,0,2.818,Low
2.96,1.36,0.16,73,0,1.738,Low
5.58,0.65,0.85,89,0,2.607,Low
9.31,2.45,0.16,104,0,4.666,Moderate
4.88,1.97,0.28,87,0,2.719,Low
4.0,0.67,0.96,55,0,1.91,Low
1.78,0.57,0.28,42,0,0.967,Low
9.05,1.36,1.51,138,0,4.304,Moderate
4.86,2.59,0.61,76,0,2.872,Low
3.2,1.3,0.47,58,0,1.788,Low
1.3,0.3,0.12,9,0,0.63,Low
1.45,0.68,0.2,12,0,0.808,Low
0.87,0.19,0.08,19,0,0.444,Low
2.53,0.46,0.26,11,0,1.17,Low
5.63,1.87,0.92,93,0,2.998,Low
6.07,2.03,0.97,80,0,3.196,Moderate
3.03,1.17,0.26,64,0,1.691,Low
6.2,2.21,0.14,84,0,3.31,Moderate
8.35,4.1,1.95,110,0,4.79,Moderate
9.72,3.06,0.12,115,0,5.039,High
4.91,2.06,0.9,53,0,2.688,Low
2.88,1.52,0.17,37,0,1.682,Low
10.47,4.41,0.87,141,1,5.894,High
2.37,0.9,0.14,51,0,1.318,Low
3.33,1.16,0.34,51,0,1.785,Low
11.27,5.47,0.55,130,0,6.407,High
4.62,1.41,0.23,84,0,2.438,Low
6.41,2.41,0.72,93,1,3.575,Moderate
5.24,2.23,0.49,85,1,3.034,Moderate
7.97,2.34,0.34,119,0,4.126,Moderate
3.32,0.43,0.47,57,0,1.572,Low
2.73,0.86,0.38,63,0,1.478,Low
2.63,1.03,0.12,46,0,1.452,Low
2.33,0.76,0.16,72,0,1.304,Low
9.51,5.53,1.2,124,0,5.712,High
2.2,0.86,0.23,51,0,1.242,Low
3.99,1.56,0.19,65,0,2.193,Low
7.09,3.13,0.04,73,0,3.922,Moderate
7.38,0.94,0.6,103,1,3.538,Moderate
3.11,0.46,0.14,55,0,1.494,Low
5.92,3.08,0.67,81,0,3.456,Moderate
9.59,3.55,1.19,134,1,5.268,High
3.97,1.37,0.89,38,0,2.075,Low
10.15,2.82,0.29,152,0,5.209,High
8.64,2.25,0.78,127,0,4.385,Moderate
8.43,4.44,0.18,88,0,4.88,Moderate
1.2,0.63,0.04,30,0,0.728,Low
4.44,1.22,1.09,57,0,2.255,Low
3.64,1.34,0.61,47,0,1.95,Low
5.28,2.61,0.08,84,0,3.06,Moderate
8.3,2.59,1.14,121,1,4.442,Moderate
4.44,1.16,0.37,49,1,2.32,Low
5.89,2.25,0.82,70,0,3.169,Moderate
1.65,0.42,0.15,11,1,0.907,Low
7.98,4.0,0.21,114,1,4.72,Moderate
1.25,0.62,0.15,38,1,0.862,Low
2.93,1.16,0.31,46,0,1.615,Low
3.32,1.39,0.31,50,0,1.844,Low
1.87,0.64,0.12,42,0,1.025,Low
6.12,3.5,0.38,73,1,3.746,Moderate
4.06,0.45,0.4,63,0,1.884,Low
2.29,0.65,0.08,25,0,1.16,Low
2.03,0.62,0.09,30,0,1.061,Low
1.26,0.47,0.1,52,0,0.748,Low
2.86,0.96,0.09,59,0,1.55,Low
2.14,0.91,0.1,33,1,1.294,Low
5.71,0.78,0.77,90,0,2.699,Low
2.06,0.8,0.16,40,0,1.142,Low
3.36,1.39,0.32,81,1,2.022,Low
2.98,1.0,0.89,53,0,1.599,Low
6.26,1.3,0.69,88,0,3.071,Moderate
3.0,0.98,0.22,42,0,1.575,Low
1.57,0.35,0.24,19,0,0.77,Low
9.39,3.17,1.1,124,0,4.955,Moderate
2.62,0.62,0.35,61,0,1.356,Low
3.45,0.58,0.23,60,0,1.674,Low
4.02,1.43,0.23,53,0,2.145,Low
1.88,1.06,0.04,31,0,1.13,Low
6.46,1.1,0.31,91,0,3.095,Moderate
9.07,4.49,0.93,131,1,5.335,High
9.37,3.57,1.43,146,0,5.112,High
3.45,1.84,0.66,61,0,2.054,Low
0.5,0.08,0.0,13,0,0.251,Low
2.01,0.66,0.03,55,0,1.112,Low
4.82,2.17,0.06,72,0,2.72,Low
4.01,1.93,0.64,64,0,2.311,Low
1.33,0.57,0.17,33,0,0.767,Low
1.63,0.52,0.13,35,0,0.876,Low
9.15,5.04,0.5,125,0,5.423,High
0.96,0.36,0.1,34,0,0.56,Low
5.66,2.66,0.31,79,0,3.217,Moderate
5.29,2.67,0.11,84,0,3.087,Moderate
1.55,0.56,0.35,30,0,0.845,Low
2.03,0.95,0.17,42,0,1.182,Low
1.69,0.6,0.06,45,0,0.943,Low
9.85,4.45,0.63,138,0,5.552,High
3.09,0.31,0.44,46,0,1.42,Low
1.12,0.66,0.15,21,0,0.689,Low
2.18,0.34,0.08,28,0,1.027,Low
1.81,0.55,0.1,5,0,0.9,Low
4.25,2.49,0.81,65,0,2.577,Low
1.42,0.34,0.15,47,1,0.863,Low
3.65,1.92,0.45,38,0,2.111,Low
6.52,1.88,0.32,76,0,3.325,Moderate
8.29,1.98,0.13,126,0,4.162,Moderate
1.96,0.72,0.14,47,0,1.094,Low
8.63,2.97,0.82,137,1,4.714,Moderate
4.77,1.51,0.61,85,0,2.532,Low
2.58,1.49,0.19,44,0,1.566,Low
8.88,1.03,0.04,116,0,4.093,Moderate
8.27,2.81,0.92,94,0,4.34,Moderate
2.2,0.37,0.24,17,0,1.024,Low
9.54,4.02,0.26,147,1,5.415,High
6.0,1.17,0.6,99,0,2.951,Low
4.86,2.54,1.19,76,0,2.859,Low
9.61,4.87,1.77,131,0,5.568,High
4.1,1.06,0.82,35,0,2.027,Low
8.7,3.61,0.38,108,0,4.779,Moderate
2.7,0.84,0.35,46,0,1.422,Low
9.13,1.02,0.07,125,0,4.208,Moderate
4.84,0.94,0.33,81,0,2.38,Low
2.67,0.55,0.22,38,0,1.31,Low
4.07,1.42,0.44,64,1,2.28,Low
3.23,1.66,0.45,45,0,1.877,Low
1.54,0.32,0.17,27,0,0.766,Low
2.27,1.0,0.1,69,0,1.346,Low
2.03,0.21,0.13,51,0,0.979,Low
2.63,1.3,0.19,32,0,1.506,Low
1.99,0.6,0.19,26,1,1.127,Low
5.67,1.37,1.63,73,0,2.823,Low
5.81,1.78,0.97,89,0,3.036,Moderate
4.23,1.62,0.2,60,0,2.295,Low
2.89,1.02,0.37,34,0,1.529,Low
9.67,2.03,0.08,129,0,4.736,Moderate
4.26,1.53,0.3,40,0,2.242,Low
2.16,0.47,0.08,60,1,1.224,Low
3.14,0.35,0.27,29,0,1.419,Low
6.28,2.1,0.62,72,0,3.284,Moderate
2.25,0.79,0.25,55,0,1.249,Low
6.17,1.04,0.76,92,0,2.965,Low
11.66,3.81,0.05,140,0,6.086,High
1.43,0.15,0.02,49,0,0.713,Low
3.12,1.58,0.19,63,0,1.847,Low
6.73,1.31,0.62,79,0,3.241,Moderate
5.21,1.55,0.34,83,0,2.715,Low
3.76,1.15,0.31,45,0,1.94,Low
7.01,3.74,0.45,92,1,4.21,Moderate
11.92,0.86,1.0,194,0,5.414,High
3.2,1.83,0.23,65,0,1.96,Low
4.15,1.96,0.01,46,0,2.339,Low
2.3,0.77,0.46,24,0,1.199,Low
1.87,0.69,0.09,47,0,1.05,Low
3.36,1.06,0.14,31,0,1.723,Low
2.66,0.44,0.52,43,0,1.281,Low
4.13,1.6,0.11,59,1,2.35,Low
6.56,2.52,0.18,73,0,3.524,Moderate
1.41,0.63,0.16,25,0,0.804,Low
3.29,1.78,0.15,67,1,2.085,Low
2.94,0.55,0.25,42,0,1.424,Low
7.39,3.18,0.58,100,0,4.11,Moderate
3.27,1.84,0.51,73,0,2.008,Low
4.86,1.52,0.11,78,0,2.555,Low
6.27,3.08,0.87,86,0,3.603,Moderate
2.74,1.62,0.27,52,0,1.687,Low
4.75,2.4,0.21,62,0,2.745,Low
6.23,3.03,0.01,98,0,3.597,Moderate
4.5,1.84,0.1,79,0,2.51,Low
8.93,2.76,0.04,113,0,4.626,Moderate
8.3,3.57,1.13,132,0,4.657,Moderate
4.63,2.36,0.48,59,0,2.68,Low
6.33,2.65,1.46,78,1,3.58,Moderate
1.38,0.44,0.11,29,1,0.842,Low
10.91,3.96,0.28,151,0,5.853,High
5.58,2.41,0.56,86,0,3.125,Moderate
5.38,1.26,0.51,71,0,2.674,Low
3.45,0.7,0.41,47,0,1.685,Low
6.45,2.82,0.51,86,0,3.6,Moderate
1.49,0.66,0.22,21,0,0.834,Low
4.93,0.34,0.27,86,0,2.246,Low
3.03,1.47,0.31,49,0,1.75,Low
7.87,2.21,0.43,122,0,4.055,Moderate
3.77,1.7,0.28,42,0,2.103,Low
2.63,0.73,0.15,37,0,1.344,Low
10.85,4.15,1.09,135,0,5.857,High
9.47,3.95,1.06,136,0,5.245,High
2.97,0.98,0.36,63,0,1.605,Low
6.2,2.57,0.26,93,0,3.437,Moderate
6.71,1.14,0.56,93,0,3.213,Moderate
10.15,2.58,0.6,157,0,5.147,High
2.6,0.77,0.09,57,0,1.386,Low
2.79,0.74,0.12,40,0,1.416,Low
5.31,1.57,0.59,80,0,2.754,Low
4.29,2.29,0.81,66,0,2.534,Low
9.26,1.34,0.32,119,0,4.343,Moderate
4.92,2.25,0.31,56,0,2.757,Low
2.66,0.92,0.48,41,0,1.424,Low
6.76,2.41,0.15,105,0,3.635,Moderate
8.92,4.45,0.42,125,0,5.154,High
6.52,2.28,0.68,91,1,3.574,Moderate
3.03,1.39,0.31,61,0,1.749,Low
2.18,1.11,0.54,44,0,1.293,Low
4.42,1.26,0.34,60,1,2.366,Low
3.09,1.12,0.26,54,0,1.681,Low
8.37,1.19,0.75,121,0,3.946,Moderate
3.3,0.68,0.32,79,0,1.68,Low
6.09,1.45,0.05,86,0,3.042,Moderate
7.56,3.36,0.71,115,1,4.36,Moderate
3.24,0.48,0.26,69,0,1.578,Low
3.03,1.24,0.57,26,1,1.735,Low
5.31,2.67,0.26,91,0,3.108,Moderate
5.31,1.43,0.3,90,0,2.733,Low
5.58,1.22,0.74,79,0,2.756,Low
5.4,2.04,0.78,61,0,2.895,Low
9.64,3.62,1.82,133,0,5.205,High
3.38,1.11,0.91,46,0,1.776,Low
2.58,1.11,0.33,37,0,1.44,Low
1.6,0.76,0.05,17,1,1.004,Low
3.11,0.95,0.28,39,0,1.607,Low
1.52,0.22,0.03,33,0,0.742,Low
3.43,0.94,0.06,30,0,1.712,Low
6.16,1.33,1.18,56,0,2.975,Low
2.79,1.33,0.11,53,0,1.622,Low
12.7,2.31,1.28,172,0,6.119,High
2.11,0.82,0.2,46,0,1.181,Low
1.05,0.41,0.12,17,0,0.577,Low
8.14,1.49,0.56,111,0,3.924,Moderate
9.32,4.78,0.68,130,0,5.421,High
1.34,0.63,0.25,42,0,0.81,Low
3.88,1.36,0.75,63,0,2.086,Low
2.72,1.05,0.25,41,0,1.483,Low
6.93,1.8,0.32,66,1,3.545,Moderate
4.41,1.61,0.46,68,0,2.384,Low
2.36,0.3,0.06,47,0,1.128,Low
3.27,1.33,0.35,45,0,1.799,Low
4.95,1.07,0.99,77,0,2.457,Low
12.64,6.51,0.84,167,1,7.443,High
4.02,0.9,0.98,75,0,2.028,Low
6.3,1.88,0.6,108,0,3.3,Moderate
1.37,0.58,0.19,20,0,0.763,Low
0.92,0.31,0.13,22,0,0.503,Low
2.29,0.79,0.19,37,0,1.228,Low
7.98,1.4,0.15,111,0,3.836,Moderate
9.77,3.1,0.69,139,1,5.215,High
9.39,3.1,1.0,138,1,5.062,High
8.23,2.58,1.6,118,0,4.301,Moderate
10.14,4.73,0.59,123,0,5.72,High
9.58,2.04,0.99,122,0,4.688,Moderate
2.83,0.86,0.49,44,1,1.576,Low
2.81,0.3,0.23,60,0,1.335,Low
1.58,0.42,0.35,38,0,0.832,Low
6.57,0.65,0.39,69,0,2.958,Low
3.32,0.76,0.06,29,0,1.614,Low
8.04,4.14,0.76,111,0,4.68,Moderate
3.37,1.46,0.15,74,0,1.935,Low
6.29,3.02,0.22,84,1,3.689,Moderate
2.0,0.57,0.18,38,0,1.045,Low
2.87,0.96,0.22,37,0,1.512,Low
2.66,1.32,0.59,45,0,1.548,Low
7.64,2.13,0.23,106,0,3.909,Moderate
4.41,1.53,0.15,75,0,2.372,Low
5.66,1.24,0.92,63,0,2.765,Low
2.58,1.08,0.06,40,0,1.434,Low
3.13,0.88,0.35,71,0,1.658,Low
5.53,2.31,0.14,83,0,3.071,Moderate
5.77,1.26,0.9,95,0,2.877,Low
9.36,4.33,0.57,114,1,5.37,High
3.73,0.75,0.22,70,0,1.86,Low
6.77,0.59,0.43,101,0,3.088,Moderate
1.13,0.3,0.09,19,0,0.578,Low
7.04,3.29,0.14,105,0,4.012,Moderate
3.12,0.74,0.15,14,0,1.498,Low
2.28,0.79,0.03,41,0,1.228,Low
11.4,2.77,0.32,183,1,5.859,High
3.62,1.58,0.21,46,1,2.114,Low
5.84,2.93,0.38,78,0,3.374,Moderate
3.79,1.19,0.77,67,0,2.006,Low
2.67,0.46,0.06,49,0,1.304,Low
4.39,1.31,0.92,67,0,2.285,Low
8.75,4.09,0.83,122,0,4.969,Moderate
10.91,1.85,1.79,155,0,5.228,High
2.66,0.9,0.22,30,0,1.394,Low
6.3,1.92,1.16,111,0,3.32,Moderate
2.29,0.11,0.34,39,0,1.028,Low
2.55,0.51,0.16,43,0,1.258,Low
2.59,0.65,0.03,54,0,1.338,Low
8.57,4.08,0.07,122,1,4.994,Moderate
6.39,2.23,0.59,73,1,3.473,Moderate
7.42,2.31,0.41,84,0,3.827,Moderate
4.62,1.98,0.56,73,0,2.591,Low
5.2,1.42,1.15,74,0,2.652,Low
5.93,0.73,0.75,58,0,2.709,Low
6.09,1.57,0.19,83,0,3.072,Moderate
5.34,1.62,0.23,95,0,2.813,Low
4.27,1.89,0.38,53,0,2.38,Low
2.08,0.53,0.36,43,0,1.077,Low
7.94,2.26,0.7,129,0,4.114,Moderate
4.69,1.46,0.75,77,0,2.468,Low
10.36,3.33,0.23,151,0,5.446,High
4.37,2.06,0.23,55,0,2.476,Low
2.74,1.07,0.5,67,0,1.55,Low
2.76,0.78,0.16,37,0,1.412,Low
1.86,0.88,0.19,43,0,1.093,Low
2.22,0.31,0.39,45,0,1.071,Low
2.7,0.71,0.12,67,0,1.427,Low
9.45,3.75,0.62,134,0,5.174,High
2.76,1.03,0.09,45,0,1.502,Low
3.05,0.69,0.27,58,0,1.541,Low
4.58,1.09,0.24,65,0,2.29,Low
5.92,0.89,0.88,95,0,2.824,Low
7.03,1.81,0.72,101,0,3.554,Moderate
2.82,0.57,0.23,59,0,1.415,Low
9.85,2.25,0.65,145,0,4.904,Moderate
9.03,2.65,0.17,129,0,4.665,Moderate
5.31,2.98,0.77,75,0,3.168,Moderate
5.21,2.07,0.52,89,0,2.883,Low
2.21,0.79,0.14,48,0,1.215,Low
7.77,0.72,0.84,119,0,3.562,Moderate
2.45,0.75,0.1,41,0,1.286,Low
3.09,1.78,0.32,64,0,1.896,Low
1.82,0.49,0.32,45,0,0.967,Low
9.54,3.96,0.85,124,0,5.251,High
4.59,1.37,0.29,82,0,2.408,Low
11.44,4.72,0.85,171,1,6.433,High
9.54,3.89,1.79,126,0,5.234,High
1.85,0.89,0.08,55,0,1.119,Low
10.19,0.64,0.7,136,0,4.54,Moderate
5.2,0.38,0.45,97,0,2.389,Low
4.93,1.47,0.05,79,1,2.671,Low
1.74,0.88,0.12,25,0,1.012,Low
9.48,3.89,1.67,117,0,5.191,High
3.01,1.02,0.03,61,0,1.631,Low
2.98,0.69,0.13,26,1,1.553,Low
3.46,1.26,0.17,83,0,1.93,Low
4.75,0.83,0.18,56,0,2.262,Low
1.13,0.71,0.04,33,0,0.731,Low
5.36,1.16,0.29,65,0,2.624,Low
2.01,0.32,0.37,59,0,1.016,Low
8.85,2.05,0.22,114,0,4.383,Moderate
1.64,0.77,0.05,23,0,0.931,Low
3.23,1.43,0.15,53,0,1.825,Low
4.3,2.12,0.97,55,1,2.566,Low
4.99,1.04,0.56,67,0,2.442,Low
4.27,1.83,0.44,65,0,2.388,Low
5.75,2.08,1.01,99,1,3.224,Moderate
5.34,2.03,0.27,56,0,2.858,Low
2.98,0.4,0.21,40,0,1.394,Low
2.2,0.9,0.02,42,0,1.233,Low
5.27,3.1,0.46,90,0,3.218,Moderate
10.2,2.3,0.77,156,0,5.083,High
1.01,0.14,0.15,17,0,0.48,Low
4.2,2.61,0.14,50,0,2.561,Low
8.56,3.54,1.85,125,0,4.736,Moderate
5.51,2.46,1.27,92,1,3.226,Moderate
9.76,5.2,0.56,113,0,5.69,High
4.4,2.2,0.06,66,0,2.551,Low
3.14,0.74,0.22,55,0,1.588,Low
2.94,0.43,0.47,52,0,1.409,Low
10.27,5.07,1.99,119,0,5.869,High
1.76,0.43,0.3,52,0,0.936,Low
4.05,0.73,0.76,78,0,1.992,Low
3.74,1.96,0.11,38,0,2.161,Low
5.7,1.09,0.11,93,0,2.794,Low
5.72,1.57,0.21,87,1,3.035,Moderate
3.92,2.05,0.59,71,0,2.324,Low
9.5,1.01,1.54,134,1,4.468,Moderate
2.77,1.57,0.41,65,0,1.71,Low
4.41,0.47,0.38,52,0,2.008,Low
2.07,0.52,0.03,40,0,1.064,Low
5.99,0.87,0.28,91,0,2.839,Low
4.14,1.19,0.59,69,0,2.153,Low
2.98,1.05,0.11,46,1,1.7,Low
3.36,0.62,0.21,75,0,1.682,Low
3.5,1.05,0.47,51,0,1.818,Low
5.85,1.12,0.66,88,1,2.952,Low
7.01,2.19,0.78,77,1,3.712,Moderate
2.99,0.54,0.34,60,0,1.477,Low
2.15,0.72,0.23,16,0,1.108,Low
3.13,0.55,0.43,54,0,1.527,Low
11.99,3.93,0.5,148,0,6.271,High
8.37,1.33,0.66,132,1,4.111,Moderate
3.92,0.98,0.15,40,1,2.043,Low
3.67,1.35,0.35,57,0,1.988,Low
2.51,0.47,0.14,40,0,1.224,Low
2.51,0.17,0.01,63,0,1.182,Low
2.42,0.15,0.39,31,1,1.176,Low
1.98,0.74,0.18,50,0,1.113,Low
6.47,2.89,0.53,99,0,3.654,Moderate
7.34,3.83,0.17,118,1,4.421,Moderate
1.89,0.84,0.37,48,0,1.102,Low
6.28,1.4,0.39,85,1,3.202,Moderate
3.83,2.35,0.07,53,0,2.342,Low
11.76,5.83,1.72,135,0,6.723,High
5.45,2.7,0.2,77,0,3.143,Moderate
2.62,0.55,0.06,61,0,1.337,Low
5.63,2.27,0.51,97,0,3.126,Moderate
4.25,1.44,0.39,62,0,2.254,Low
7.45,1.49,0.69,86,0,3.6,Moderate
2.89,1.58,0.31,24,0,1.676,Low
6.68,1.07,0.43,87,0,3.168,Moderate
1.47,0.26,0.18,17,0,0.701,Low
5.13,1.88,0.23,68,0,2.752,Low
9.47,2.58,1.31,128,0,4.819,Moderate
5.63,1.12,1.03,110,0,2.808,Low
4.22,0.95,0.36,67,0,2.106,Low
7.43,3.3,1.13,95,0,4.154,Moderate
8.29,4.74,0.66,96,0,4.93,Moderate
2.26,0.8,0.26,34,0,1.212,Low
7.38,2.89,0.99,104,0,4.027,Moderate
5.06,1.8,0.11,44,0,2.651,Low
5.08,1.72,0.88,81,0,2.708,Low
3.25,1.56,0.41,56,0,1.883,Low
2.89,0.31,0.07,32,0,1.315,Low
7.75,2.25,0.26,109,0,3.992,Moderate
8.91,1.37,0.64,149,0,4.273,Moderate
7.85,2.62,0.49,118,0,4.164,Moderate
9.26,3.33,1.4,143,0,4.987,Moderate
4.95,1.64,0.44,59,0,2.593,Low
7.58,4.13,0.61,119,0,4.51,Moderate
10.49,4.83,0.31,141,0,5.925,High
7.33,0.53,0.17,68,0,3.227,Moderate
5.87,2.18,0.22,86,0,3.172,Moderate
3.33,1.66,0.15,58,0,1.945,Low
3.98,1.63,0.17,59,0,2.201,Low
2.77,1.49,0.25,49,0,1.65,Low
2.7,1.03,0.23,39,0,1.466,Low
4.73,2.31,0.94,72,0,2.726,Low
5.93,2.2,0.02,92,1,3.315,Moderate
0.6,0.21,0.0,26,0,0.354,Low
8.46,3.03,0.31,129,0,4.551,Moderate
9.85,2.4,0.39,126,1,5.013,High
2.34,0.46,0.5,32,0,1.14,Low
2.88,1.06,0.3,42,0,1.556,Low
3.13,0.74,0.19,52,0,1.578,Low
10.96,5.12,0.95,166,0,6.252,High
10.19,5.5,1.53,138,1,6.104,High
1.02,0.18,0.08,40,0,0.543,Low
7.82,0.74,1.16,128,0,3.605,Moderate
2.83,0.44,0.2,82,0,1.429,Low
1.63,0.51,0.17,42,1,0.987,Low
9.84,4.95,1.22,127,0,5.673,High
3.23,1.54,0.33,32,0,1.816,Low
2.6,0.39,0.02,52,0,1.261,Low
5.73,2.23,0.55,94,0,3.149,Moderate
2.43,0.66,0.09,49,0,1.269,Low
10.2,3.11,0.4,129,0,5.269,High
7.59,2.08,0.42,128,0,3.917,Moderate
0.91,0.31,0.06,15,0,0.488,Low
3.49,1.32,0.45,37,1,1.966,Low
9.15,2.83,0.2,134,0,4.778,Moderate
3.38,0.97,0.59,43,0,1.73,Low
8.07,4.65,0.73,111,1,4.944,Moderate
6.05,3.18,0.74,70,0,3.512,Moderate
2.79,1.34,0.04,39,0,1.596,Low
7.08,3.52,0.16,99,0,4.084,Moderate
4.32,1.39,0.35,54,0,2.255,Low
5.11,1.32,1.5,83,0,2.605,Low
4.72,2.46,0.8,70,1,2.865,Low
3.55,1.67,0.85,78,0,2.076,Low
3.85,0.4,0.38,66,1,1.894,Low
4.66,0.94,0.04,67,0,2.281,Low
7.89,4.21,0.34,110,0,4.636,Moderate
8.82,2.29,0.39,119,0,4.451,Moderate
4.95,2.41,0.33,70,0,2.842,Low
4.56,1.43,0.58,67,0,2.385,Low
6.3,2.95,0.32,106,0,3.614,Moderate
10.62,2.71,0.65,116,0,5.294,High
2.26,0.93,0.4,46,0,1.272,Low
4.71,0.66,0.76,73,0,2.228,Low
6.59,2.89,0.75,107,0,3.716,Moderate
0.5,0.22,0.07,12,0,0.29,Low
3.57,1.86,0.34,54,0,2.094,Low
2.8,0.54,0.57,55,0,1.39,Low
9.86,4.13,0.59,112,0,5.409,High
9.63,2.96,1.12,119,1,5.078,High
8.48,1.81,0.88,116,1,4.265,Moderate
5.66,2.21,0.54,76,0,3.077,Moderate
2.71,0.61,0.25,46,0,1.359,Low
5.61,1.89,0.94,81,0,2.975,Low
8.16,0.56,0.49,103,0,3.636,Moderate
4.25,1.96,0.24,81,0,2.45,Low
7.68,2.32,1.22,75,1,4.017,Moderate
2.9,0.81,0.34,24,1,1.549,Low
11.45,4.23,1.66,153,0,6.156,High
2.27,1.07,0.08,26,0,1.28,Low
2.82,0.34,0.07,38,0,1.309,Low
5.02,2.03,0.63,81,0,2.777,Low
2.28,0.48,0.1,39,0,1.137,Low
2.84,0.98,0.25,65,0,1.559,Low
3.51,0.99,0.59,62,0,1.824,Low
4.63,0.53,0.4,68,0,2.145,Low
8.47,2.09,0.41,130,0,4.272,Moderate
0.59,0.12,0.05,21,0,0.315,Low
6.88,2.81,1.33,92,1,3.881,Moderate
8.52,1.89,0.82,90,0,4.153,Moderate
3.68,1.76,0.02,46,0,2.092,Low
2.64,0.86,0.16,34,0,1.38,Low
8.51,2.35,0.72,102,0,4.312,Moderate
8.77,4.5,1.31,130,0,5.115,High
4.78,0.63,0.51,75,1,2.35,Low
12.36,4.54,1.48,154,0,6.615,High
2.47,0.45,0.26,24,0,1.172,Low
2.11,0.7,0.07,32,0,1.117,Low
3.4,1.51,0.1,65,0,1.942,Low
4.71,1.5,0.36,71,1,2.576,Low
10.35,3.79,0.14,153,0,5.583,High
6.04,0.72,0.58,83,0,2.797,Low
8.93,3.03,0.47,124,0,4.728,Moderate
5.21,2.43,0.09,95,0,3.005,Moderate
2.35,0.67,0.33,15,1,1.269,Low
0.86,0.3,0.02,25,0,0.484,Low
2.35,0.73,0.3,71,0,1.301,Low
8.72,4.42,1.77,125,0,5.062,High
1.72,0.19,0.07,26,0,0.798,Low
2.36,1.02,0.12,50,0,1.351,Low
1.95,1.03,0.07,21,0,1.13,Low
3.7,1.04,0.55,65,0,1.922,Low
6.38,2.05,0.63,74,1,3.413,Moderate
3.02,0.89,0.14,36,0,1.549,Low
9.38,4.13,1.52,116,0,5.22,High
2.47,1.02,0.17,50,0,1.393,Low
2.96,1.21,0.1,28,0,1.6,Low
6.11,2.67,0.46,82,0,3.411,Moderate
0.75,0.12,0.04,28,0,0.394,Low
9.25,1.54,0.14,118,0,4.399,Moderate
10.28,4.92,0.12,136,0,5.86,High
7.52,3.01,0.13,88,0,4.087,Moderate
3.76,0.17,0.06,43,0,1.641,Low
3.76,1.33,0.39,58,1,2.118,Low
5.14,1.04,0.22,90,0,2.547,Low
2.22,0.28,0.09,43,1,1.157,Low
4.8,1.2,0.14,85,0,2.448,Low
